follower,following,timestap,tweet,user_name
787,872,Thu Oct 25 13:59:08 +0000 2018,"@Intel_FPI Jelas niatnya adu domba...Jangan terprovokasi...
Tetep focus 

#2019GantiPresiden 
#2019PrabowoSandiâ€¦ https://t.co/kGkM9HJULJ",AwanSac
847,649,Thu Oct 25 13:59:07 +0000 2018,"RT @CakKhum: Buah itu jatuh tak jauh dari pohonnya
â—¾Pak SBY santun ğŸ‘‰ AHY santun
â—¾Pak Habibie santun ğŸ‘‰ Ilham Habibie santun
â—¾Pak Harto santuâ€¦",jsandyf
117,1019,Thu Oct 25 13:59:07 +0000 2018,"RT @Maulana_Tigor: Kata Pak Kyai,
sampai saat ini Kita msh diSukai dan Unggul diPemilih Millenial dan Emak2. 
Ya sudah...Kita coba tes.
Tuiâ€¦",ewinkz
954,1453,Thu Oct 25 13:59:05 +0000 2018,"RT @RanupsProSandi: Budget 855,5M
Berapa realisasi pesta IMF/WB di Bali?
List Budget
â–ªAkmdasi 569,9M
â–ªKonsumsi Rp 190,5M
â–ªTrnsprtasi Rp 36,â€¦",babeh_jono
1492,1892,Thu Oct 25 13:59:02 +0000 2018,"RT @elfizal: Ternyata Bukan Hanya bendera Tauhid warna hitam yg mereka razia!

Warna Putih juga!
Lalu ini lambang HTI juga? ğŸ˜ğŸ˜ğŸ˜

Banser bikâ€¦",deandry
23,297,Thu Oct 25 13:59:02 +0000 2018,"RT @RelawanProSandi: Ayo Presiden yg juga Capres! 

Jujurlah dimulai dari dirimu
Jangan suka klaim hasil akhir padahal proses sebuah proyekâ€¦",Zahro84017594
771,2785,Thu Oct 25 13:58:55 +0000 2018,"RT @Prieyan_: Apa itu Politik SONTOLOYO..???

Politikus yang Berjanji ketika Masa Kampanyenya dengan Luar Biasa
Begitu terpilih dia malah tâ€¦",SijalMutakallim
1492,1892,Thu Oct 25 13:58:54 +0000 2018,"RT @RajaPurwa: Pak, katanya dulu pas debat capres 2014 pake programmer 2 minggu jadi! Pegimana sich!

Lah skrng sekarang nyalahin 21 tahunâ€¦",deandry
2160,504,Thu Oct 25 13:58:54 +0000 2018,"RT @putrabanten80: Pak Prabowo Subianto mendeklarasikan Gerakan Emak Emak dan Anak Sehat di jakarta Timur.

#2019GantiPresiden 
#PrabowoSanâ€¦",beautydyah
1101,788,Thu Oct 25 13:58:47 +0000 2018,"RT @RajaPurwa: Hah @aniesbaswedan dipecat gara-gara 23 T?  Ya amypun...! 

Sebar? jangan!... Sebar? jangan!... Jangan disebar dech bro, kesâ€¦",ajojuki
4049,4082,Thu Oct 25 13:58:46 +0000 2018,"RT @BangPino_: Survei: Jokowi Dianggap Berpenampilan Paling Menarik Kalahkan Sandiaga

Sebanyak :
Jokowi 43.9% 
Sandiaga 29.0%
Prabowo 23.9â€¦",X_SamURay63
246,713,Thu Oct 25 13:58:45 +0000 2018,"RT @CakKhum: Susi Semprot Lagi Sandi: Satu Kata Saja, Goblok

Kalau Sandi Goblok Enggak Mungkin dia jadi pengusaha sukses, duh kasar amat Bâ€¦",nenimustopa
159,372,Thu Oct 25 13:58:42 +0000 2018,"RT @CakKhum: Susi Semprot Lagi Sandi: Satu Kata Saja, Goblok

Kalau Sandi Goblok Enggak Mungkin dia jadi pengusaha sukses, duh kasar amat Bâ€¦",GilmiNovika
367,140,Thu Oct 25 13:58:35 +0000 2018,"RT @BangPino_: Sepakat dg Ide babe @haikal_hassan utk setiap hari Jumat pakai Topi Tauhid.

Biarkan orang Islamphobia klojotan melihat simbâ€¦",deozzol
957,1280,Thu Oct 25 13:58:32 +0000 2018,"RT @BangPino_: Oalah pak, Bukannya dl janji mau dijadikan Mobnas...?

Bapak jg mengawali Karier politik kesana kemari lwt mbl ""Pencitraan""â€¦",mr_supiansyah
206,258,Thu Oct 25 13:58:31 +0000 2018,"RT @BangPino_: Sepakat dg Ide babe @haikal_hassan utk setiap hari Jumat pakai Topi Tauhid.

Biarkan orang Islamphobia klojotan melihat simbâ€¦",hannyyudho
182,806,Thu Oct 25 13:58:25 +0000 2018,"RT @ZAEffendy: SONTOLOYO ! Lagi-lagi OTT  kader parpol ""juara"" KPK.
#2019GantiPresiden
https://t.co/soMgnq6iQH",AkmalSeknun
143,620,Thu Oct 25 13:58:23 +0000 2018,"RT @RajaPurwa: Hah @aniesbaswedan dipecat gara-gara 23 T?  Ya amypun...! 

Sebar? jangan!... Sebar? jangan!... Jangan disebar dech bro, kesâ€¦",asepjuhri4
242,767,Thu Oct 25 13:58:22 +0000 2018,"RT @CakKhum: Susi Semprot Lagi Sandi: Satu Kata Saja, Goblok

Kalau Sandi Goblok Enggak Mungkin dia jadi pengusaha sukses, duh kasar amat Bâ€¦",eyikos
188,225,Thu Oct 25 13:58:20 +0000 2018,"RT @BangPino_: Cadas...!!!

Pelan tp telak neh Upper cut nya bang @jansen_jsp 

Pesan :
1. Jgn suka main claim prestasi orang lain.
2. Beriâ€¦",swindriyati
2017,2162,Thu Oct 25 13:58:17 +0000 2018,"RT @BangPino_: Survei: Jokowi Dianggap Berpenampilan Paling Menarik Kalahkan Sandiaga

Sebanyak :
Jokowi 43.9% 
Sandiaga 29.0%
Prabowo 23.9â€¦",Anaksemut4
300,592,Thu Oct 25 13:58:17 +0000 2018,"The Real blusukan Pak @sandiuno , semoga senantiasa diberi kesehatan dan kekuatan ya pak. Aamiin.â€¦ https://t.co/SciA9zwRa8",bennis_93
54,125,Thu Oct 25 13:58:12 +0000 2018,"RT @RajaPurwa: Hah @aniesbaswedan dipecat gara-gara 23 T?  Ya amypun...! 

Sebar? jangan!... Sebar? jangan!... Jangan disebar dech bro, kesâ€¦",Jimun72003566
1662,1284,Thu Oct 25 13:58:10 +0000 2018,"RT @RanupsProSandi: Budget 855,5M
Berapa realisasi pesta IMF/WB di Bali?
List Budget
â–ªAkmdasi 569,9M
â–ªKonsumsi Rp 190,5M
â–ªTrnsprtasi Rp 36,â€¦",chaidar_2000
159,372,Thu Oct 25 13:58:06 +0000 2018,"RT @aburasyid13: Presidennya bilang SONTOLOYO, sekarang menterinya bilang GOBLOK. rezim senang umbar SUMPAH SERAPAH bila dikritik. Giliranâ€¦",GilmiNovika
957,1280,Thu Oct 25 13:58:03 +0000 2018,"RT @RelawanProSandi: Ustad Adi Hidayat bicara tentang Pembakaran Bendera Tauhid :
""Kita setiap Muslim menyayangkan Peristiwa dimaksud, setiâ€¦",mr_supiansyah
368,524,Thu Oct 25 13:58:03 +0000 2018,"RT @CakKhum: Susi Semprot Lagi Sandi: Satu Kata Saja, Goblok

Kalau Sandi Goblok Enggak Mungkin dia jadi pengusaha sukses, duh kasar amat Bâ€¦",hapi_remaco
306,461,Thu Oct 25 13:58:00 +0000 2018,"RT @Eriiskandar10: Presiden &amp; Wakil Presiden Indonseia 
Pilih nomor: 2 biar sama kita..

#2019PrabowoPresiden
#2019GantiPresiden https://t.â€¦",Mbah_Jadul
1054,992,Thu Oct 25 13:57:57 +0000 2018,"RT @1910AntiCebong: Menurut kalian Ormas Mana yg lebih di percaya dan di cintai oleh umat Islam saat ini :

FPI : Reetweet / RT
Banser : LIâ€¦",ixan253
658,285,Thu Oct 25 13:57:57 +0000 2018,RT @MSAokepunya: Kuis #2019GantiPresiden edisi Jumat 26 Oktober 2018 dengan hadiah batik keren #2019PrabowoPresiden https://t.co/sw0oNEAqJ4,OrdinaryEric
188,225,Thu Oct 25 13:57:56 +0000 2018,"RT @CakKhum: Coba hitung utk hidup 1 orang/bln:
â—¾Makan+minum cukup 1 kali Rp10 rb x 30 hari =Rp300 rb
â—¾Sisa Rp100 rb sabun mandi, pasta gigâ€¦",swindriyati
252,517,Thu Oct 25 13:57:55 +0000 2018,"RT @MSAokepunya: edisi Malam Jumat
Mari #salingfollow bersama akun kuis #2019GantiPresiden 

Caranya
ğŸ‘‰ Follow @MSAokepunya
ğŸ”ƒ Retweet twit iâ€¦",AnwarSyuhada1
249,476,Thu Oct 25 13:57:54 +0000 2018,"RT @RanupsProSandi: Budget 855,5M
Berapa realisasi pesta IMF/WB di Bali?
List Budget
â–ªAkmdasi 569,9M
â–ªKonsumsi Rp 190,5M
â–ªTrnsprtasi Rp 36,â€¦",GantiJokiKacung
130,431,Thu Oct 25 13:57:51 +0000 2018,"RT @CH_chotimah: Bukti gerakan #2019GantiPresiden dan pengurus persaudaraan alumni 212 mendukung penegakan khilafah.
Bukti orang2 dibelakanâ€¦",msputria
107,198,Thu Oct 25 13:57:51 +0000 2018,"RT @RelawanProSandi: Ustad Adi Hidayat bicara tentang Pembakaran Bendera Tauhid :
""Kita setiap Muslim menyayangkan Peristiwa dimaksud, setiâ€¦",anggiking
86,363,Thu Oct 25 13:57:48 +0000 2018,"RT @45Parman: @ronavioleta @Gustika @chicohakim Bung karno hebat orasi nya, Tanpa teks.... 
Bung hatta luas wawasan nya, tanpa ikutin arus.â€¦",belentuksukabu1
957,1280,Thu Oct 25 13:57:45 +0000 2018,"RT @RanupsProSandi: #AksiBelaKalimatTauhid 
Pekanbaru bergerak!
25.10.18 
 Saatnya kita bersatu demi #IndonesiaAdilMakmur
#2019GantiPresideâ€¦",mr_supiansyah
218,467,Thu Oct 25 13:57:42 +0000 2018,"RT @CakKhum: Jokowi Sebut Data Beras Berantakan Sejak Era Soeharto

Seperti biasa, melempar ke pendahulunya.
#2019GantiPresiden #PrabowoSanâ€¦",integrity160171
155,256,Thu Oct 25 13:57:38 +0000 2018,"RT @RanupsProSandi: #AksiBelaKalimatTauhid 
Pekanbaru bergerak!
25.10.18 
 Saatnya kita bersatu demi #IndonesiaAdilMakmur
#2019GantiPresideâ€¦",khuldinh_
542,1200,Thu Oct 25 13:57:34 +0000 2018,@Firmans70080295 Sama... Benci roman. #2019GantiPresiden,eldina_fatimah
110,88,Thu Oct 25 13:57:33 +0000 2018,@arfar_pas @realdestiayu #2019GantiPresiden pilih #PrabowoSandi semoga yang belum nikah cepat nikah. Aamiin.,LampungBangkit
8,108,Thu Oct 25 13:57:28 +0000 2018,"RT @RelawanProSandi: Ustad Adi Hidayat bicara tentang Pembakaran Bendera Tauhid :
""Kita setiap Muslim menyayangkan Peristiwa dimaksud, setiâ€¦",sukmana_nugraha
47,405,Thu Oct 25 13:57:28 +0000 2018,"RT @CakKhum: KPK Tangkap Tangan Bupati Cirebon

Sunjaya Purwadi Sastra Adalah Kader PDIP

Alamak PDIP lagi PDIP lagi
#2019GantiPresiden #Prâ€¦",Washklinik4
155,256,Thu Oct 25 13:57:27 +0000 2018,"RT @BangPino_: Wuih... Sakti Mandraguna Banser...

Tonton sampai usai...
Ini hanya #LucuLucuan tidak untuk ditiru tanpa anda terlatih....â€¦",khuldinh_
515,251,Thu Oct 25 13:57:25 +0000 2018,"Viral Sri Mulyani Bertopi Tauhid, Begini Penjelasan Kemenkeu âœŒğŸ…¦ğŸ…ğŸ…™ğŸ…˜ğŸ…‘âœŒ https://t.co/3VozAaSYhm #2019GantiPresidenâ€¦ https://t.co/QHFrlOUmf0",Sukur1n
767,1164,Thu Oct 25 13:57:20 +0000 2018,"RT @abanda_raja: Presiden Instruksikan 2016 harga daging sapi dibawah 80 ribu per kg?

Beginilah #BapakHoaxNasional #PolitisiSontoloyo
Bekeâ€¦",YusrilFadh
91,41,Thu Oct 25 13:57:19 +0000 2018,"RT @RajaPurwa: Pak, katanya dulu pas debat capres 2014 pake programmer 2 minggu jadi! Pegimana sich!

Lah skrng sekarang nyalahin 21 tahunâ€¦",tukanganalisa
359,893,Thu Oct 25 13:57:17 +0000 2018,"RT @aburasyid13: Presidennya bilang SONTOLOYO, sekarang menterinya bilang GOBLOK. rezim senang umbar SUMPAH SERAPAH bila dikritik. Giliranâ€¦",abah_iman_
1470,1900,Thu Oct 25 13:57:16 +0000 2018,"RT @RanupsProSandi: #AksiBelaKalimatTauhid 
Pekanbaru bergerak!
25.10.18 
 Saatnya kita bersatu demi #IndonesiaAdilMakmur
#2019GantiPresideâ€¦",SyifaZNisa
133,358,Thu Oct 25 13:57:14 +0000 2018,"RT @elfizal: Ternyata Bukan Hanya bendera Tauhid warna hitam yg mereka razia!

Warna Putih juga!
Lalu ini lambang HTI juga? ğŸ˜ğŸ˜ğŸ˜

Banser bikâ€¦",Nandangsud1
283,294,Thu Oct 25 13:57:14 +0000 2018,"RT @aburasyid13: Presidennya bilang SONTOLOYO, sekarang menterinya bilang GOBLOK. rezim senang umbar SUMPAH SERAPAH bila dikritik. Giliranâ€¦",zaenale
17,215,Thu Oct 25 13:57:06 +0000 2018,"RT @RelawanProSandi: Ustad Adi Hidayat bicara tentang Pembakaran Bendera Tauhid :
""Kita setiap Muslim menyayangkan Peristiwa dimaksud, setiâ€¦",fafakucihai
49,152,Thu Oct 25 13:57:02 +0000 2018,"RT @Muslim_Bersatu1: Rame2 Projo Pindah Ke Jalan yg Benar', Bergabung Mendukung Prabowo-Sandi ...

#Cukup1Periode #2019GantiPresiden 
#2019â€¦",HappyTresno
272,818,Thu Oct 25 13:56:57 +0000 2018,"RT @RajaAngku: Mulai ngakui nie... :-)
Sekarang ini impor lebih besar drpd ekspor, ya defisit terus... 

#2019GantiPresiden https://t.co/8xâ€¦",rexyn1906
155,256,Thu Oct 25 13:56:56 +0000 2018,"RT @RelawanProSandi: Ayo Presiden yg juga Capres! 

Jujurlah dimulai dari dirimu
Jangan suka klaim hasil akhir padahal proses sebuah proyekâ€¦",khuldinh_
3169,1253,Thu Oct 25 13:56:54 +0000 2018,"RT @SammiSoh: Mari kita simak rencana jahat dr pihak Prabowo, sang master kerusuhan. @NgabalinAli yg pernah berada di sarang penyamun jelasâ€¦",RRoctavian
733,1063,Thu Oct 25 13:56:52 +0000 2018,"RT @newsjundi: Aksi bela Kalimat Tauhid di Kota Serang Banten [24/10/2018]

#2019GantiPresiden agar tdk ad lg yg bakar Bendera Tauhid httpsâ€¦",AsSahruf
297,369,Thu Oct 25 13:56:46 +0000 2018,"RT @RanupsProSandi: #AksiBelaKalimatTauhid 
Pekanbaru bergerak!
25.10.18 
 Saatnya kita bersatu demi #IndonesiaAdilMakmur
#2019GantiPresideâ€¦",Kriwil90
74,588,Thu Oct 25 13:56:46 +0000 2018,"RT @RajaAngku: Minta maaf tapi tetap nyeyel, ya gak menyelesaikan masalah donk qut! Sama aja bodong

Dasar ormas pendukung 
#RezimSontoloyoâ€¦",ivan_dhiela
1516,63,Thu Oct 25 13:56:46 +0000 2018,"RT @CakKhum: Polisi menangkap pembawa bendera berkalimat tauhid, yg dinyatakan sebagai bendera HTI, pada perayaan Hari Santri Nasional (HSNâ€¦",Kenzo_Hamtaro
75,220,Thu Oct 25 13:56:44 +0000 2018,"RT @RanupsProSandi: Intruksikan 2016 harga daging sapi dibawah 80 ribu per kg?

Hasilnya  #4TahunDibohongi #PolitikusSONTOLOYO

Kerja Kerjaâ€¦",One13273257
48,229,Thu Oct 25 13:56:42 +0000 2018,"RT @RanupsProSandi: Ya Allah!
Tegas sekali Eyang Permadi sampaikan bhw #SayaPancasila #SayaIndonesia adalah sebuah KEBODOHAN yg akan diazabâ€¦",KaswanMaulana1
1304,1099,Thu Oct 25 13:56:41 +0000 2018,"RT @MSAokepunya: Polling YAQUT vs YAKULT

âœ…YAQUT
kemasan BANSER
âœ…YAKULT
kemasan BOTOL PLASTIK

Menurut anda lebih berharga mana antara GUSâ€¦",Qulo002
50,116,Thu Oct 25 13:56:40 +0000 2018,"RT @nieke_aereta: Jalan-jalan ke Italia
Sungguh indah panoramanya
Jangan lupa kamu semua
Pilih Prabowo dan Sandiaga

Reply tuitku pk Pantunâ€¦",karyo_ono
519,757,Thu Oct 25 13:56:39 +0000 2018,"RT @1910AntiCebong: Menurut kalian Ormas Mana yg lebih di percaya dan di cintai oleh umat Islam saat ini :

FPI : Reetweet / RT
Banser : LIâ€¦",b8f1e443c13a4e8
225,296,Thu Oct 25 13:56:38 +0000 2018,"RT @MasPresidenBaru: Menyamakan mereka dengan orang lain (tokoh hebat) itu tanda Tidak Percaya Diri.

Tapi Rakyat bisa membedakan, Bung Karâ€¦",BoyHaris3
146,348,Thu Oct 25 13:56:37 +0000 2018,"RT @RajaPurwa: Hah @aniesbaswedan dipecat gara-gara 23 T?  Ya amypun...! 

Sebar? jangan!... Sebar? jangan!... Jangan disebar dech bro, kesâ€¦",NdutSupri
957,871,Thu Oct 25 13:56:34 +0000 2018,"Saya tambahin ya min... 

#PolitikusSONTOLOYO
#PartaiSontoloyoIndonesia 

InshaAllah 2019 mereka punah &amp; digantikanâ€¦ https://t.co/8gbZDWg4Mr",rahmanidha16
737,3826,Thu Oct 25 13:56:32 +0000 2018,"RT @CakKhum: Polisi menangkap pembawa bendera berkalimat tauhid, yg dinyatakan sebagai bendera HTI, pada perayaan Hari Santri Nasional (HSNâ€¦",armenr77
27,36,Thu Oct 25 13:56:29 +0000 2018,"RT @nieke_aereta: Jalan-jalan ke Italia
Sungguh indah panoramanya
Jangan lupa kamu semua
Pilih Prabowo dan Sandiaga

Reply tuitku pk Pantunâ€¦",SuwandiSopandi
880,478,Thu Oct 25 13:56:23 +0000 2018,"RT @elfizal: Ternyata Bukan Hanya bendera Tauhid warna hitam yg mereka razia!

Warna Putih juga!
Lalu ini lambang HTI juga? ğŸ˜ğŸ˜ğŸ˜

Banser bikâ€¦",umay_patria
441,859,Thu Oct 25 13:56:21 +0000 2018,@TPK_RI Pak Lanyalla meninggalakan PSSI ALHAMDULILLAH PSSI LEBIH MAJU dan senang nonton TimNas main...Pak La Nyallaâ€¦ https://t.co/UPajcWRgZR,NovriyantoYanto
767,1164,Thu Oct 25 13:56:21 +0000 2018,"RT @RajaAngku: Mulai ngakui nie... :-)
Sekarang ini impor lebih besar drpd ekspor, ya defisit terus... 

#2019GantiPresiden https://t.co/8xâ€¦",YusrilFadh
368,524,Thu Oct 25 13:56:20 +0000 2018,"RT @elfizal: Ternyata Bukan Hanya bendera Tauhid warna hitam yg mereka razia!

Warna Putih juga!
Lalu ini lambang HTI juga? ğŸ˜ğŸ˜ğŸ˜

Banser bikâ€¦",hapi_remaco
68,453,Thu Oct 25 13:56:17 +0000 2018,"RT @BangPino_: Part l :

Masya Allah, Sejarah ttg Bendera Tauhid itu luar biasa...

Dengarkan, Pandangan Beliau secara Helicopter view danâ€¦",Al08920404
379,337,Thu Oct 25 13:56:07 +0000 2018,RT @MSAokepunya: Kuis #2019GantiPresiden edisi Jumat 26 Oktober 2018 dengan hadiah batik keren #2019PrabowoPresiden https://t.co/sw0oNEAqJ4,212peoplepower
296,517,Thu Oct 25 13:55:59 +0000 2018,"RT @RajaPurwa: Pak, katanya dulu pas debat capres 2014 pake programmer 2 minggu jadi! Pegimana sich!

Lah skrng sekarang nyalahin 21 tahunâ€¦",supiaman_asep
13170,9123,Thu Oct 25 13:55:55 +0000 2018,"RT @nieke_aereta: Jalan-jalan ke Italia
Sungguh indah panoramanya
Jangan lupa kamu semua
Pilih Prabowo dan Sandiaga

Reply tuitku pk Pantunâ€¦",asboediono
225,296,Thu Oct 25 13:55:54 +0000 2018,"RT @abanda_raja: Presiden Instruksikan 2016 harga daging sapi dibawah 80 ribu per kg?

Beginilah #BapakHoaxNasional #PolitisiSontoloyo
Bekeâ€¦",BoyHaris3
99,384,Thu Oct 25 13:55:51 +0000 2018,"RT @RajaPurwa: Pak, katanya dulu pas debat capres 2014 pake programmer 2 minggu jadi! Pegimana sich!

Lah skrng sekarang nyalahin 21 tahunâ€¦",tnurharyanti
170,325,Thu Oct 25 13:55:50 +0000 2018,"RT @RelawanProSandi: Ustad Adi Hidayat bicara tentang Pembakaran Bendera Tauhid :
""Kita setiap Muslim menyayangkan Peristiwa dimaksud, setiâ€¦",ibnu_hr2010
243,773,Thu Oct 25 13:55:49 +0000 2018,"RT @RelawanProSandi: Ustad Adi Hidayat bicara tentang Pembakaran Bendera Tauhid :
""Kita setiap Muslim menyayangkan Peristiwa dimaksud, setiâ€¦",Bilal63054585
56,241,Thu Oct 25 13:55:49 +0000 2018,"RT @CakKhum: Jokowi Sebut Data Beras Berantakan Sejak Era Soeharto

Seperti biasa, melempar ke pendahulunya.
#2019GantiPresiden #PrabowoSanâ€¦",ujangnurman2
1106,492,Thu Oct 25 13:55:45 +0000 2018,"RT @1910AntiCebong: Menurut kalian Ormas Mana yg lebih di percaya dan di cintai oleh umat Islam saat ini :

FPI : Reetweet / RT
Banser : LIâ€¦",DameriatiZein
568,703,Thu Oct 25 13:55:43 +0000 2018,RT @MSAokepunya: Kuis #2019GantiPresiden edisi Jumat 26 Oktober 2018 dengan hadiah batik keren #2019PrabowoPresiden https://t.co/sw0oNEAqJ4,khalsa86_mdn
225,296,Thu Oct 25 13:55:43 +0000 2018,"RT @CakKhum: Polisi menangkap pembawa bendera berkalimat tauhid, yg dinyatakan sebagai bendera HTI, pada perayaan Hari Santri Nasional (HSNâ€¦",BoyHaris3
287,805,Thu Oct 25 13:55:39 +0000 2018,"RT @1910AntiCebong: Menurut kalian Ormas Mana yg lebih di percaya dan di cintai oleh umat Islam saat ini :

FPI : Reetweet / RT
Banser : LIâ€¦",susgi_Rmt
419,836,Thu Oct 25 13:55:39 +0000 2018,"RT @CakKhum: Susi Semprot Lagi Sandi: Satu Kata Saja, Goblok

Kalau Sandi Goblok Enggak Mungkin dia jadi pengusaha sukses, duh kasar amat Bâ€¦",bmt_sabary
559,453,Thu Oct 25 13:55:38 +0000 2018,"RT @putrabanten80: Massa sujud syukur atas OTT Bupati Cirebon mereka bersorak sorai didepan pendopo Rumah Dinas Bupati Cirebon

Hallo...PDIâ€¦",ElPertama
262,442,Thu Oct 25 13:55:37 +0000 2018,"Pemimpin, kami inginkan seseorang yang akan menginspirasi kita untuk menjadi apa yang kita tahu dan apa yang kita bâ€¦ https://t.co/Xsdnx0NZvJ",abutanohcak
596,205,Thu Oct 25 13:55:32 +0000 2018,"RT @putrabanten80: Massa sujud syukur atas OTT Bupati Cirebon mereka bersorak sorai didepan pendopo Rumah Dinas Bupati Cirebon

Hallo...PDIâ€¦",taat_ulama
458,254,Thu Oct 25 13:55:32 +0000 2018,"RT @Prieyan_: Apa itu Politik SONTOLOYO..???

Politikus yang Berjanji ketika Masa Kampanyenya dengan Luar Biasa
Begitu terpilih dia malah tâ€¦",hendra0201
27,36,Thu Oct 25 13:55:30 +0000 2018,"RT @RajaAngku: Duh serrr maaf kepijit ya...

#BelaKalimatTauhid 
#2019GantiPresiden https://t.co/eu5g1nbn2Z",SuwandiSopandi
2447,720,Thu Oct 25 13:55:28 +0000 2018,"RT @RanupsProSandi: #AksiBelaKalimatTauhid 
Pekanbaru bergerak!
25.10.18 
 Saatnya kita bersatu demi #IndonesiaAdilMakmur
#2019GantiPresideâ€¦",Hendra_Alamin
1304,1099,Thu Oct 25 13:55:28 +0000 2018,"RT @elfizal: Selesai!!

Setop Kasus Ratna, Bawaslu: Prabowo tak Lakukan Pelanggaran
#2019GantiPresiden

https://t.co/2HQ3vWM2J8",Qulo002
218,439,Thu Oct 25 13:55:25 +0000 2018,"RT @RelawanProSandi: Ustad Adi Hidayat bicara tentang Pembakaran Bendera Tauhid :
""Kita setiap Muslim menyayangkan Peristiwa dimaksud, setiâ€¦",My_xpie
98,176,Thu Oct 25 13:55:24 +0000 2018,"RT @putrabanten80: Massa sujud syukur atas OTT Bupati Cirebon mereka bersorak sorai didepan pendopo Rumah Dinas Bupati Cirebon

Hallo...PDIâ€¦",Dahuru
4,40,Thu Oct 25 13:55:20 +0000 2018,"RT @1910AntiCebong: Menurut kalian Ormas Mana yg lebih di percaya dan di cintai oleh umat Islam saat ini :

FPI : Reetweet / RT
Banser : LIâ€¦",GolDRog69836462
1738,3220,Thu Oct 25 13:55:19 +0000 2018,"RT @MSAokepunya: #salingfollow sesama loyalis PAS demi terwujudnya #2019GantiPresiden 

Caranya
1. PAS-tikan
followğŸ‘‰@MSAokepunya
2. PAS-tikâ€¦",JuliWidiharto
359,336,Thu Oct 25 13:55:16 +0000 2018,"Jokowi itu sering di demo mahasiswa, tpi berlindung pada suara rakyat yg berpendidikan rendah, kaum milenial dan inâ€¦ https://t.co/lJD13msmRy",hikamfajri1
